wc,date,home,away,score,p_home,p_draw,p_away,outcome,rps_model,rps_uniform,rps_freq,logloss_model,brier_model,exact_hit_top1,exact_hit_top5,p_exact
2014,2014-06-12,Brazil,Croatia,3-1,0.8100037978847863,0.13325929797762553,0.05673690413758829,H,0.019658816554661514,0.27777777777777785,0.2308598551591446,0.21071634257999503,0.05707567360681262,0,0,0.0729505462044499
2014,2014-06-13,Chile,Australia,3-1,0.5322919746218392,0.2712359157565639,0.19647210962159697,H,0.12867604343114955,0.27777777777777785,0.2308598551591446,0.6305631157124238,0.330921008858601,0,0,0.046866683413156696
2014,2014-06-13,Mexico,Cameroon,1-0,0.5172702530747594,0.27574700298621313,0.20698274393902735,H,0.13793493242751795,0.27777777777777785,0.2308598551591446,0.6591898078310865,0.3519062745109145,1,1,0.13657721328363412
2014,2014-06-13,Spain,Netherlands,1-5,0.49458915955403726,0.2819554133644116,0.22345542708155133,A,0.4238199552387325,0.2777777777777778,0.2981955625078011,1.498543316220055,0.927138765602961,0,0,0.0006274051548293962
2014,2014-06-14,Uruguay,Costa Rica,1-3,0.5513188479914624,0.26508205172896376,0.18359910027957382,A,0.4852314506074773,0.2777777777777778,0.2981955625078011,1.6950007012458053,1.0407313953637916,0,0,0.01261030937374239
2014,2014-06-14,Ivory Coast,Japan,2-1,0.3685045602292693,0.30147721624985646,0.3300182235208744,H,0.25384925915355105,0.27777777777777785,0.2308598551591446,0.9983021923159673,0.598587030224865,0,1,0.07765910478825491
2014,2014-06-14,Colombia,Greece,3-0,0.4702258288230435,0.28778067792738743,0.24199349324956917,H,0.16961076161068026,0.27777777777777785,0.2308598551591446,0.7545422128173407,0.42203924180970726,0,0,0.0442469752087976
2014,2014-06-14,England,Italy,1-2,0.3785254004912578,0.30096863765931126,0.3205059618494308,A,0.3024968133496171,0.2777777777777778,0.2981955625078011,1.1378544010801295,0.6955757475537361,0,0,0.07114137691213482
2014,2014-06-15,Argentina,Bosnia and Herzegovina,2-1,0.6095531431803622,0.2433554275047945,0.14709142931484329,H,0.08704231828910912,0.27777777777777785,0.2308598551591446,0.4950291424255659,0.23330650067425954,0,1,0.0934777865717839
2014,2014-06-15,France,Honduras,3-0,0.5385303280834435,0.26927170172911236,0.19219797018744422,H,0.124947158921474,0.27777777777777785,0.2308598551591446,0.6189114644108686,0.3224015671950401,0,0,0.057847200029089677
2014,2014-06-15,Switzerland,Ecuador,2-1,0.3421840068039193,0.30182533710131165,0.355990656094769,H,0.2797256140656651,0.27777777777777785,0.2308598551591446,1.0724066550162255,0.6505497622476507,0,0,0.07421107238297794
2014,2014-06-16,Germany,Portugal,4-0,0.48866467373610734,0.28345401298220696,0.22788131328168584,H,0.15669685441419368,0.27777777777777785,0.2308598551591446,0.7160787635146115,0.39373988630410456,0,0,0.017020843069115953
2014,2014-06-16,Ghana,United States,1-2,0.22924473095491518,0.28390174812890784,0.48685352091617706,A,0.15793622783335795,0.2777777777777778,0.2981955625078011,0.7197919795486516,0.3964726582573656,0,1,0.08919629670644809
2014,2014-06-16,Iran,Nigeria,0-0,0.34581623797522143,0.30186534828996003,0.35231841373481837,D,0.12185856755197688,0.11111111111111112,0.14879446182796943,1.197774227624867,0.7311091270222524,0,1,0.11233046069547892
2014,2014-06-17,Belgium,Algeria,2-1,0.5376948525400493,0.269537810799729,0.1927673366602216,H,0.12544264772552097,0.27777777777777785,0.2308598551591446,0.6204640683199163,0.3235359269017525,0,1,0.0920026547545273
2014,2014-06-17,Brazil,Mexico,0-0,0.7507098360370494,0.16629837523124194,0.08299178873170865,D,0.2852264474598311,0.11111111111111112,0.14879446182796943,1.7939716629377662,1.2655112940617295,0,0,0.050001931388725974
2014,2014-06-17,Russia,South Korea,1-1,0.4882478271736985,0.283557494891032,0.22819467793526949,D,0.14522937588890958,0.11111111111111112,0.14879446182796943,1.2603403725278135,0.8037486149046328,0,1,0.13217774114946793
2014,2014-06-18,Spain,Chile,0-2,0.43840348888811986,0.2939938982557645,0.2676026128561154,A,0.36430177588223234,0.2777777777777778,0.2981955625078011,1.318252186739426,0.8150359639760858,0,0,0.04780363533053497
2014,2014-06-18,Australia,Netherlands,2-3,0.09880950185080507,0.2021897932112273,0.6990007049379676,A,0.05018194664192234,0.2777777777777778,0.2981955625078011,0.3581035282538888,0.14124460576264353,0,0,0.019182481678666492
2014,2014-06-18,Cameroon,Croatia,0-4,0.24210120657890033,0.2878111365869778,0.470087656834122,A,0.16971004283325536,0.2777777777777778,0.2981955625078011,0.7548360977653362,0.4222553360099986,0,0,0.015302041088530113
2014,2014-06-19,Colombia,Ivory Coast,2-1,0.4627859760457964,0.289378349705693,0.24783567424851038,H,0.17501071448164074,0.27777777777777785,0.2308598551591446,0.7704905865292699,0.4337612582416717,0,1,0.08739848144522246
2014,2014-06-19,Japan,Greece,0-0,0.3526253268237809,0.3018631023160522,0.3455115708601669,D,0.12186143335791921,0.11111111111111112,0.14879446182796943,1.19778166796963,0.7311179946236055,0,1,0.11232962492123322
2014,2014-06-19,Uruguay,England,2-1,0.32839113081618987,0.3014051631871543,0.37020370599665575,H,0.2940546285500073,0.27777777777777785,0.2308598551591446,1.1135499090274281,0.6789543294958896,0,0,0.07228177410533539
2014,2014-06-20,Honduras,Ecuador,1-2,0.23081335472986997,0.28440886172573987,0.48477778354439,A,0.15936436852554403,0.2777777777777778,0.2981955625078011,0.7240646712993745,0.3996171376792192,0,1,0.08905281621652325
2014,2014-06-20,Italy,Costa Rica,0-1,0.46512655226607025,0.2888850672019875,0.24598838053194227,A,0.3924381159578822,0.2777777777777778,0.2981955625078011,1.402470977775307,0.8683308139680612,0,0,0.0858711782070379
2014,2014-06-20,Switzerland,France,2-5,0.2990969893126313,0.29902566567823974,0.40187734500912886,A,0.2236048597146044,0.2777777777777778,0.2981955625078011,0.9116083488368172,0.5366260681635233,0,0,0.001318228773855302
2014,2014-06-21,Nigeria,Bosnia and Herzegovina,1-0,0.35451055740383014,0.3018449059877306,0.3436445366084391,H,0.26737409402197154,0.27777777777777785,0.2308598551591446,1.037017152342458,0.6258585353146849,0,1,0.11204584394012532
2014,2014-06-21,Argentina,Iran,1-0,0.6334112835838048,0.23326316385504414,0.13332555256115114,H,0.0760814949847049,0.27777777777777785,0.2308598551591446,0.4566353307265061,0.206574693581075,1,1,0.14110709238973368
2014,2014-06-21,Germany,Ghana,2-2,0.7351304567052043,0.18308506301148322,0.0817844802833122,D,0.2735527447954069,0.11111111111111112,0.14879446182796943,1.6978044089391218,1.214455503865766,0,0,0.025683335369962184
2014,2014-06-22,Belgium,Russia,1-0,0.3792414682152773,0.3009246536919177,0.31983387809280506,H,0.24381743217970386,0.27777777777777785,0.2308598551591446,0.9695821574725241,0.5781905115590084,0,1,0.11696794018733159
2014,2014-06-22,South Korea,Algeria,2-4,0.4222654791963393,0.2965051113756036,0.2812294094280573,A,0.34746964839602673,0.2777777777777778,0.2981955625078011,1.2685845390660204,0.7828545778639124,0,0,0.00342176390498249
2014,2014-06-22,United States,Portugal,2-2,0.35987080224826307,0.3017521454822254,0.33837705226951154,D,0.1220030119067061,0.11111111111111112,0.14879446182796943,1.198149308898123,0.7315560901520874,0,0,0.04233005917331187
2014,2014-06-23,Australia,Spain,0-3,0.13655684188492156,0.2357371380847992,0.6277060200302793,A,0.07862528929363917,0.2777777777777778,0.2981955625078011,0.46568334308765913,0.21282257685968994,0,0,0.07874051008837751
2014,2014-06-23,Brazil,Cameroon,4-1,0.9096849057932372,0.06933208398288752,0.020983010223875324,H,0.004298551479815843,0.27777777777777785,0.2308598551591446,0.09465699680223513,0.013404040829041855,0,0,0.05541529837872255
2014,2014-06-23,Croatia,Mexico,1-3,0.28756641931215765,0.29749665984383494,0.41493692084400746,A,0.21249662605375344,0.2777777777777778,0.2981955625078011,0.8796287682705474,0.5134975147257453,0,0,0.0349337782144689
2014,2014-06-23,Netherlands,Chile,2-0,0.4083673395890935,0.2983044005725987,0.2933282598383077,H,0.21803533644232845,0.27777777777777785,0.2308598551591446,0.8955881675127069,0.5250561882856343,0,0,0.0809021745891345
2014,2014-06-24,Costa Rica,England,0-0,0.3489461126847496,0.3018767369148897,0.3491771504003608,D,0.12184403595975704,0.11111111111111112,0.14879446182796943,1.1977365008365246,0.7310641623801163,0,1,0.11233469864293558
2014,2014-06-24,Greece,Ivory Coast,2-1,0.2919446592583341,0.29811847375089284,0.409936866990773,H,0.33469530023550365,0.27777777777777785,0.2308598551591446,1.2311910177635221,0.758265224862569,0,0,0.0667844851834064
2014,2014-06-24,Italy,Uruguay,0-1,0.3349842688586697,0.3016596322173797,0.3633560989239505,A,0.25876495858005405,0.2777777777777778,0.2981955625078011,1.0123719368011075,0.608528450869633,0,1,0.11385243423585815
2014,2014-06-24,Japan,Colombia,1-4,0.17039917212757677,0.2579978614374735,0.5716029664349498,A,0.10627994811454917,0.2777777777777778,0.2981955625078011,0.5593106432356403,0.2791227927354081,0,0,0.020702566211440225
2014,2014-06-25,Honduras,Switzerland,0-3,0.20682513918855994,0.27568261934524607,0.517492241466194,A,0.1377951876228424,0.2777777777777778,0.2981955625078011,0.6587607462908561,0.35159128185474064,0,0,0.05343693229197631
2014,2014-06-25,Nigeria,Argentina,2-3,0.1466240071015913,0.24303140546548474,0.6103445874329237,A,0.08666497000067287,0.2777777777777778,0.2981955625078011,0.49373158387824884,0.23239420404387476,0,0,0.019792680250564385
2014,2014-06-25,Bosnia and Herzegovina,Iran,3-1,0.3275438262995774,0.30136522016167894,0.37109095353874366,H,0.2949529006730535,0.27777777777777785,0.2308598551591446,1.1161334120979616,0.6807267972692043,0,0,0.026080150678094136
2014,2014-06-25,Ecuador,France,0-0,0.22682975507505376,0.2831042379903295,0.49006600693461666,D,0.14580821447012438,0.11111111111111112,0.14879446182796943,1.2619401170352171,0.8055559625276748,0,1,0.1053490559895242
2014,2014-06-26,South Korea,Belgium,0-1,0.16003442776989377,0.2518413411535059,0.5881242310766002,A,0.09762633354893956,0.2777777777777778,0.2981955625078011,0.5308170760582677,0.25867672821187576,1,1,0.14081624947678076
2014,2014-06-26,Portugal,Ghana,2-1,0.49391352315014186,0.28212893385991367,0.2239575429899444,H,0.15314025155619737,0.27777777777777785,0.2308598551591446,0.7053948314699555,0.3858772384333263,0,1,0.08966770706074863
2014,2014-06-26,Algeria,Russia,1-1,0.2575993528290389,0.2918070511935132,0.4505935959774481,D,0.13469600765691359,0.11111111111111112,0.14879446182796943,1.231662478711408,0.7709292680530547,1,1,0.13602319661156512
2014,2014-06-26,United States,Germany,0-1,0.19556063146577124,0.2708234728593478,0.5336158956748809,A,0.12787904667321737,0.2777777777777778,0.2981955625078011,0.6280789953287674,0.3291034467980327,1,1,0.13793740191334317
2014,2014-06-28,Brazil,Chile,1-1,0.6325186399853628,0.22107266206104942,0.1464086979535878,D,0.21075766838269896,0.11111111111111112,0.14879446182796943,1.5092638438966264,1.028243134554058,0,1,0.10540926511934567
2014,2014-06-28,Colombia,Uruguay,2-0,0.438557982159282,0.29396772300778046,0.26747429483293755,H,0.19337981889671718,0.27777777777777785,0.2308598551591446,0.8242632474978915,0.4731766599638135,0,1,0.08821656173629665
2014,2014-06-29,Costa Rica,Greece,1-1,0.3906489590003347,0.3000894563613496,0.30926158463831577,D,0.12412466845052365,0.11111111111111112,0.14879446182796943,1.203674660903938,0.7381241059975985,1,1,0.1398839642727761
2014,2014-06-29,Netherlands,Mexico,2-1,0.5243485737214324,0.2736602046952307,0.20199122158333696,H,0.13352236645878215,0.27777777777777785,0.2308598551591446,0.6455985987942325,0.34193464055139994,0,1,0.09140038298077026
2014,2014-06-30,Germany,Algeria,2-1,0.7559266148522361,0.17147106083222957,0.07260232431553426,H,0.032421457416753355,0.27777777777777785,0.2308598551591446,0.2798109778155056,0.09424523953643689,0,1,0.0854675709594476
2014,2014-06-30,France,Nigeria,2-0,0.524493088296011,0.2736168746290989,0.20189003707489003,H,0.13343320507418283,0.27777777777777785,0.2308598551591446,0.6453230289332581,0.34173260423016166,0,1,0.10884076602206129
2014,2014-07-01,Argentina,Switzerland,1-0,0.5688424249269495,0.25899306057421434,0.17216451449883616,H,0.10776873729774658,0.27777777777777785,0.2308598551591446,0.5641518165534786,0.2826148800210918,1,1,0.14009923405396277
2014,2014-07-01,Belgium,United States,2-1,0.35597876939086587,0.30182551270367824,0.3421957179054559,H,0.265930627414067,0.27777777777777785,0.2308598551591446,1.0328841864509475,0.6229598949469722,0,1,0.07605667270203983
2014,2014-07-04,Brazil,Colombia,2-1,0.5193553312119124,0.2584483271437255,0.2221963416443624,H,0.1401952559372743,0.27777777777777785,0.2308598551591446,0.6551669841989498,0.34718604967793887,0,1,0.09608845642938922
2014,2014-07-04,France,Germany,0-1,0.23282213540135793,0.2850458590183211,0.4821320055803211,A,0.16119670318855447,0.2777777777777778,0.2981955625078011,0.7295373319286245,0.4036445481206014,1,1,0.13292609724740975
2014,2014-07-05,Argentina,Belgium,1-0,0.5001786501657475,0.2804942485648234,0.21932710126942917,H,0.14896287955069232,0.27777777777777785,0.2308598551591446,0.6927899440450132,0.3766027825793296,1,1,0.13492287703706823
2014,2014-07-05,Netherlands,Costa Rica,0-0,0.6409711207023128,0.22992717498519763,0.12910170431248957,D,0.21375561381538413,0.11111111111111112,0.14879446182796943,1.4699926506961027,1.0205233834570469,0,1,0.08556074964817773
2014,2014-07-08,Brazil,Germany,1-7,0.4472638923750403,0.2733694778001024,0.2793666298248574,A,0.3596787218162279,0.2777777777777778,0.2981955625078011,1.2752302744215767,0.7940883150251565,0,0,4.6597315634432336e-05
2014,2014-07-09,Netherlands,Argentina,0-0,0.35856951418590566,0.30178020884606677,0.33965027696802785,D,0.12196720357398713,0.11111111111111112,0.14879446182796943,1.1980563118494634,0.7314452839070165,0,1,0.11229877851330705
2014,2014-07-12,Brazil,Netherlands,0-3,0.38111503776821876,0.27988274438369715,0.3390022178480839,A,0.29108337001141127,0.2777777777777778,0.2981955625078011,1.0817486292983565,0.6605010906265728,0,0,0.02429931765257784
2014,2014-07-13,Germany,Argentina,1-0,0.4744156575836034,0.28684305274408295,0.23874128967231362,H,0.1666181521938378,0.27777777777777785,0.2308598551591446,0.7456714268188162,0.4155152412952204,0,1,0.1319957708305353
2018,2018-06-14,Russia,Saudi Arabia,5-0,0.49039001508126306,0.26676954704927086,0.24284043786946613,H,0.15933690749675467,0.27777777777777785,0.23243013504421378,0.712554255331564,0.38983980622638253,0,0,0.005774321832314812
2018,2018-06-15,Egypt,Uruguay,0-1,0.17449861479634418,0.26250994010281103,0.562991445100845,A,0.11071312181044544,0.2777777777777778,0.29860660563244906,0.5744908461606569,0.2903377122736721,1,1,0.1432761916530979
2018,2018-06-15,Morocco,Iran,0-1,0.2819316932160921,0.2988638371776188,0.4192044696062891,A,0.20840446388250233,0.2777777777777778,0.29860660563244906,0.8693964838034027,0.5061285209375348,0,1,0.12711297033917843
2018,2018-06-15,Portugal,Spain,3-3,0.28351801618637684,0.299117297451199,0.41736468636242413,D,0.1272878734623316,0.11111111111111112,0.14542033112264513,1.2069194833527606,0.7458123096567743,0,0,0.005554019386797312
2018,2018-06-16,Croatia,Nigeria,2-0,0.5357970854166689,0.2716782697706914,0.19252464481263976,H,0.1262750423839462,0.27777777777777785,0.23243013504421378,0.6239997615716255,0.326359167033489,0,1,0.11269416721817331
2018,2018-06-16,Peru,Denmark,0-1,0.4789152720794738,0.28754635532182804,0.23353837259869814,A,0.40841163205480424,0.2777777777777778,0.29860660563244906,1.4544088787638398,0.8995061705684755,0,0,0.08444166315958031
2018,2018-06-16,Argentina,Iceland,1-1,0.5941503921973412,0.2508349025415629,0.1550147052610958,D,0.18852212369771942,0.11111111111111112,0.14542033112264513,1.382960315067132,0.9382925906453485,0,1,0.11629955909124044
2018,2018-06-16,France,Australia,2-1,0.5648829902911117,0.2618362105293348,0.17328079917955336,H,0.10967652375115479,0.27777777777777785,0.23243013504421378,0.5711366661130967,0.28791124864667167,0,1,0.09212672672547391
2018,2018-06-17,Costa Rica,Serbia,0-1,0.39256871886636985,0.30193493915239006,0.30549634198124015,A,0.31822276501691077,0.2777777777777778,0.29860660563244906,1.185817474317002,0.7276102375147788,0,1,0.10361756053974208
2018,2018-06-17,Germany,Mexico,0-1,0.5694167233359093,0.26020270045740956,0.1703805762066813,A,0.506251896574881,0.2777777777777778,0.29860660563244906,1.7697206604816171,1.08020923847509,0,0,0.06500450535960106
2018,2018-06-17,Brazil,Switzerland,1-1,0.6284053654044652,0.23663027987342772,0.13496435472210702,D,0.20655434015733712,0.11111111111111112,0.14542033112264513,1.441256356448855,0.9958420099207955,0,1,0.10971358825296036
2018,2018-06-18,Sweden,South Korea,1-0,0.3975929312322347,0.3014558257118329,0.3009512430559324,H,0.226732963599141,0.27777777777777785,0.23243013504421378,0.922326582948718,0.544341542053885,0,1,0.12332295090775645
2018,2018-06-18,Belgium,Panama,3-0,0.5802492292815106,0.2561940086101162,0.16355676210837308,H,0.10147076197507043,0.27777777777777785,0.23243013504421378,0.5442975620809319,0.2685768939978611,0,0,0.06724742434917802
2018,2018-06-18,Tunisia,England,1-2,0.1533930138373253,0.24977290760419754,0.5968340785584771,A,0.09303608845294502,0.2777777777777778,0.29860660563244906,0.5161161295806308,0.24845868227894505,0,1,0.09266023901850697
2018,2018-06-19,Poland,Senegal,1-2,0.3720157257400518,0.30338771716960883,0.32459655709033935,A,0.29728275544606036,0.2777777777777778,0.29860660563244906,1.125172230580388,0.6866096178215073,0,0,0.07103162624493871
2018,2018-06-19,Russia,Egypt,3-1,0.4880769282499221,0.2672756956965851,0.24464737605349268,H,0.16095878499994729,0.27777777777777785,0.23243013504421378,0.7172822456964486,0.393353867509988,0,0,0.048517269857646726
2018,2018-06-19,Colombia,Japan,1-2,0.5748214979310964,0.2582211294048033,0.16695737266410027,A,0.5121898867212241,0.2777777777777778,0.29860660563244906,1.790016752656485,1.0910579251135404,0,0,0.043095292042188184
2018,2018-06-20,Portugal,Morocco,1-0,0.6086453336288664,0.24499513251206298,0.14635953385907058,H,0.08728979402095285,0.27777777777777785,0.23243013504421378,0.4965195559120762,0.234602202996509,1,1,0.14469930893529775
2018,2018-06-20,Uruguay,Saudi Arabia,1-0,0.6765769313173012,0.21435972822235538,0.10906334046034344,H,0.058248646794251235,0.27777777777777785,0.23243013504421378,0.3907091182251996,0.16244738667206454,1,1,0.1428695840740884
2018,2018-06-20,Iran,Spain,0-1,0.18951842356459858,0.2702504255211961,0.5402311509142054,A,0.12365231373004343,0.2777777777777778,0.29860660563244906,0.6157581737656562,0.32033991995447436,1,1,0.14184844022283702
2018,2018-06-21,Denmark,Australia,1-1,0.4638665392856367,0.2909426384569661,0.24519082225739725,D,0.13764535279404586,0.11111111111111112,0.14542033112264513,1.2346291499456736,0.7780530475464604,1,1,0.13489550389735214
2018,2018-06-21,France,Peru,1-0,0.43127079243796707,0.29705466632293387,0.27167454123909907,H,0.19862998394580644,0.27777777777777785,0.23243013504421378,0.8410190974499328,0.48550144267584244,0,1,0.12908421328451064
2018,2018-06-21,Argentina,Croatia,0-3,0.4578900749614734,0.29219288882108174,0.2499170362174451,A,0.3861438866525228,0.2777777777777778,0.29860660563244906,1.3866262713262092,0.8576644575826544,0,0,0.013513019866379197
2018,2018-06-22,Brazil,Costa Rica,2-0,0.7273487261191574,0.18813837314500964,0.08451290073583298,H,0.04074057376981551,0.27777777777777785,0.23243013504421378,0.3183492381642722,0.11687719498928191,1,1,0.15077802178679128
2018,2018-06-22,Nigeria,Iceland,2-0,0.22360586914183553,0.2842835954765775,0.4921105353815869,H,0.4224803127322784,0.27777777777777785,0.23243013504421378,1.4978702896474851,0.925777788121647,0,0,0.038318518627081556
2018,2018-06-22,Serbia,Switzerland,1-2,0.24499074882325234,0.2908881205330001,0.46412113064374766,A,0.17359331481575666,0.2777777777777778,0.29860660563244906,0.7676097034035713,0.43180252829873456,0,0,0.08671496423812122
2018,2018-06-23,Germany,Sweden,2-1,0.5893078800162173,0.2527288715728934,0.15796324841088955,H,0.09681020263264706,0.27777777777777785,0.23243013504421378,0.5288065154031045,0.2574922877918023,0,1,0.09258988749201857
2018,2018-06-23,Belgium,Tunisia,5-2,0.6347324524183806,0.23385534623488716,0.1314122013467323,H,0.07534477398954234,0.27777777777777785,0.23243013504421378,0.45455170365008524,0.20537787094172363,0,0,0.0030650959752243083
2018,2018-06-23,South Korea,Mexico,1-2,0.16580177334365992,0.2575388943130461,0.5766593323432938,A,0.10335377446796401,0.2777777777777778,0.29860660563244906,0.55050359871914,0.27303383101991446,0,1,0.0923942526728642
2018,2018-06-24,England,Panama,6-1,0.6232460163378293,0.23885864612411176,0.13789533753805913,H,0.08047934416002521,0.27777777777777785,0.23243013504421378,0.4728139483552882,0.21801214114829412,0,0,0.002479687379738081
2018,2018-06-24,Japan,Senegal,2-2,0.2929416386442267,0.3004816692489662,0.4065766921068071,D,0.12555970510803907,0.11111111111111112,0.14542033112264513,1.2023685277028884,0.7404453052727907,0,0,0.04074811356959128
2018,2018-06-24,Poland,Colombia,0-3,0.25190155894526467,0.29269658969243273,0.4554018513623027,A,0.1800207694493311,0.2777777777777778,0.29860660563244906,0.7865750600065613,0.4457128325162424,0,0,0.04145967925820408
2018,2018-06-25,Russia,Uruguay,0-3,0.2602452257022826,0.2712445731993001,0.46851020109841734,A,0.17510449191863844,0.2777777777777778,0.29860660563244906,0.7581974035846424,0.4237826023273472,0,0,0.043727767561015436
2018,2018-06-25,Saudi Arabia,Egypt,2-1,0.2920856673429479,0.30036759497030097,0.4075467376867512,H,0.33361852289019645,0.27777777777777785,0.23243013504421378,1.2307081384302714,0.7574577378886357,0,0,0.06613645350312328
2018,2018-06-25,Spain,Morocco,2-2,0.6965387327994328,0.20437866877553426,0.0990825984250332,D,0.247491783800248,0.11111111111111112,0.14542033112264513,1.5877807862964652,1.1279968702998873,0,0,0.02771565143152572
2018,2018-06-25,Iran,Portugal,1-1,0.20989324251562794,0.27918886232781603,0.5109178951565561,D,0.1525461344224649,0.11111111111111112,0.14542033112264513,1.2758668002656188,0.824660965037198,0,1,0.12944586763211666
2018,2018-06-26,Iceland,Croatia,1-2,0.16005608691615617,0.2540447291750858,0.5858991839087583,A,0.09854871842317237,0.2777777777777778,0.29860660563244906,0.534607545317228,0.2616361612679872,0,1,0.09254664676063093
2018,2018-06-26,Denmark,France,0-0,0.20837689797906314,0.2785815645467113,0.5130415374742253,D,0.15331627539264703,0.11111111111111112,0.14542033112264513,1.2780443915892992,0.8270771097971645,0,1,0.10604757846374259
2018,2018-06-26,Australia,Peru,0-2,0.23766282124978816,0.2888005367357947,0.4735366420144169,A,0.16682364195293237,0.2777777777777778,0.29860660563244906,0.7475259838919903,0.4170530339247481,0,1,0.09762177670513571
2018,2018-06-26,Nigeria,Argentina,1-2,0.17602990805380367,0.2633469897248442,0.5606231022213519,A,0.11201929341550947,0.2777777777777778,0.29860660563244906,0.5787064312872218,0.2933902238281563,0,1,0.09201005474178554
2018,2018-06-27,South Korea,Germany,2-0,0.08656308030543242,0.1905545784506351,0.7228823412439326,H,0.6784629427717046,0.27777777777777785,0.23243013504421378,2.4468818787334783,1.3932369329119085,0,0,0.011711903270778477
2018,2018-06-27,Mexico,Sweden,0-3,0.49594018435267717,0.28328800278081456,0.22077181286650807,A,0.42657661703955774,0.2777777777777778,0.29860660563244906,1.5106256318473914,0.9334053265986586,0,0,0.010850376713759248
2018,2018-06-27,Serbia,Brazil,0-2,0.08153870791455173,0.18455106412416455,0.7339102279612837,A,0.038726163835995295,0.2777777777777778,0.29860660563244906,0.3093685630773747,0.11151142294135208,1,1,0.15161532702102049
2018,2018-06-27,Switzerland,Costa Rica,2-2,0.5272589243741741,0.27435243730099307,0.198388638324833,D,0.15868001257429618,0.11111111111111112,0.14542033112264513,1.293341731605577,0.8439244103996015,0,0,0.03720474630341696
2018,2018-06-28,England,Belgium,0-1,0.3427421078482308,0.30396969202515123,0.353288200126618,A,0.2678541522938588,0.2777777777777778,0.29860660563244906,1.0404711241937104,0.6281058782575829,0,1,0.11454493594608975
2018,2018-06-28,Japan,Poland,0-1,0.37706877672722633,0.3031076336201011,0.3198235896526724,A,0.3024104057877714,0.2777777777777778,0.29860660563244906,1.1399857175357406,0.6966950491343205,0,1,0.10704831153128383
2018,2018-06-28,Senegal,Colombia,0-1,0.2504287894775561,0.29232397366943363,0.4572472368530104,A,0.1786475702514432,0.2777777777777778,0.29860660563244906,0.78253103469714,0.44274844608477404,0,1,0.1329661876499508
2018,2018-06-28,Panama,Tunisia,1-2,0.34569766458960965,0.3039941845825281,0.35030815082786226,A,0.27080318709171103,0.2777777777777778,0.29860660563244906,1.0489420809139045,0.6340188384434182,0,1,0.07458024850398168
2018,2018-06-30,France,Argentina,4-3,0.42920645580330025,0.29738206639449455,0.2734114778022052,H,0.20027955314530782,0.27777777777777785,0.23243013504421378,0.8458172268585192,0.4889951997036752,0,0,0.001763933223354357
2018,2018-06-30,Uruguay,Portugal,2-1,0.32561606179112057,0.30344055015676197,0.3709433880521173,H,0.29619634662685074,0.27777777777777785,0.23243013504421378,1.1220363162451188,0.6844688607331397,0,0,0.07117779430892741
2018,2018-07-01,Russia,Spain,1-1,0.13388651622068054,0.21399585878615798,0.6521176249931615,D,0.2215914980262161,0.11111111111111112,0.14542033112264513,1.541798615614079,1.0609855060577416,0,1,0.1019688463399107
2018,2018-07-01,Croatia,Denmark,1-1,0.4354839642185184,0.2963638777816264,0.2681521579998549,D,0.13077593146572755,0.11111111111111112,0.14542033112264513,1.2161672628195064,0.7566556554219649,1,1,0.13740906057067676
2018,2018-07-02,Brazil,Mexico,2-0,0.6552815722940586,0.22452676537440766,0.1201916623315338,H,0.0666384150470369,0.27777777777777785,0.23243013504421378,0.4226902543544323,0.1836890984635681,0,1,0.1388922298422464
2018,2018-07-02,Belgium,Japan,3-2,0.6311552789178563,0.23542991533088234,0.13341480575126113,H,0.0769229693319056,0.27777777777777785,0.23243013504421378,0.46020336285111074,0.20927318369651757,0,0,0.019003817625612963
2018,2018-07-03,Colombia,England,1-1,0.3562824341790475,0.3039259335685029,0.3397916322524496,D,0.12119776312666566,0.11111111111111112,0.14542033112264513,1.190971246838152,0.7269146322118115,1,1,0.1409152064256834
2018,2018-07-03,Sweden,Switzerland,1-0,0.3063203059167312,0.30201617994594926,0.3916635141373196,H,0.31729591314492583,0.27777777777777785,0.23243013504421378,1.1831239731300918,0.7258055992389958,0,1,0.1038184099885635
2018,2018-07-06,Uruguay,France,0-2,0.3097315670797806,0.3023343816311822,0.38793405128903724,A,0.23527918460857375,0.2777777777777778,0.29860660563244906,0.946919924710098,0.5619644475334569,0,0,0.07659155538785363
2018,2018-07-06,Brazil,Belgium,1-2,0.49545031098491377,0.2834165610599423,0.22113312795514403,A,0.42605230751199297,0.2777777777777778,0.29860660563244906,1.5089903698904663,0.9324295621070298,0,0,0.05389242666800181
2018,2018-07-07,Russia,Croatia,2-2,0.20316361422233886,0.25300247270702975,0.5438339130706316,D,0.16851538957479917,0.11111111111111112,0.14542033112264513,1.3743560167568054,0.8950360849314105,0,0,0.045632766762064805
2018,2018-07-07,Sweden,England,0-2,0.3048322082723862,0.3018682087405418,0.39329958298707196,A,0.23050403560194008,0.2777777777777778,0.29860660563244906,0.93318365983715,0.5521324866521035,0,0,0.07790333482527152
2018,2018-07-10,France,Belgium,1-0,0.3542846568923708,0.3039572515191339,0.3417580915884951,H,0.2668734487454068,0.27777777777777785,0.23243013504421378,1.037654573460862,0.6261369082418796,0,1,0.1147568974355037
2018,2018-07-11,Croatia,England,2-1,0.3043902197035899,0.30182317979534745,0.39378660050106234,H,0.3194704265891017,0.27777777777777785,0.23243013504421378,1.1894447832624535,0.7300380850399778,0,0,0.06804236355124968
2018,2018-07-14,Belgium,England,2-0,0.4339854521520876,0.296613032650171,0.26940151519774147,H,0.1964748223831578,0.27777777777777785,0.23243013504421378,0.8347442658304478,0.48092893590424707,0,1,0.08789640014943245
2018,2018-07-15,France,Croatia,4-2,0.47966056260699064,0.2873690753106779,0.2329703620823315,H,0.16251415985762308,0.27777777777777785,0.23243013504421378,0.734676586472084,0.40760930516016025,0,0,0.0062718669340614975
2022,2022-11-20,Qatar,Ecuador,0-2,0.30187782855077006,0.27723053370768874,0.42089163774154104,A,0.2132483593041012,0.2777777777777778,0.303561032618584,0.8653798709688074,0.5033534874280525,0,0,0.07867252453219664
2022,2022-11-21,Senegal,Netherlands,0-2,0.11910241504778729,0.22210878185454394,0.6587888030976685,A,0.06530523308086843,0.2777777777777778,0.303561032618584,0.41735227672826214,0.1799427771386464,0,1,0.14360524620406553
2022,2022-11-21,England,Iran,6-2,0.4324723243897867,0.2960800053401198,0.2714476702700932,H,0.19788575013929638,0.27777777777777785,0.22916078967901532,0.8382369445078449,0.483434869840798,0,0,0.00024337224404095994
2022,2022-11-21,United States,Wales,1-1,0.41774036319177077,0.29828168853022,0.28397794827800904,D,0.1275752430738901,0.11111111111111112,0.14398010337473346,1.2097169754327306,0.7475590747997793,0,1,0.13570905691329244
2022,2022-11-22,France,Australia,4-1,0.59097908660444,0.2512947948836947,0.15772611851186522,H,0.09608781802787858,0.27777777777777785,0.22916078967901532,0.5259746486582626,0.2553247099913954,0,0,0.019676214319900045
2022,2022-11-22,Denmark,Tunisia,0-0,0.5778108600514635,0.2563261327719387,0.1658630071765977,D,0.18068796357153805,0.11111111111111112,0.14398010337473346,1.3613046891557754,0.9144267479410162,0,1,0.10294136674738817
2022,2022-11-22,Argentina,Saudi Arabia,1-2,0.8213208983482192,0.13191797996705715,0.04676112168472349,A,0.791616188597646,0.2777777777777778,0.303561032618584,3.0627031545410124,1.6006347306338813,0,0,0.013265594127112396
2022,2022-11-22,Mexico,Poland,0-0,0.39901956839918457,0.30052015145195443,0.3004602801488607,D,0.12474649795630177,0.11111111111111112,0.14398010337473346,1.2022404675149976,0.7387650544374001,0,1,0.12068982117059814
2022,2022-11-23,Germany,Japan,1-2,0.4838596488108626,0.28557792900372475,0.23056242218541279,A,0.41307717295027524,0.2777777777777778,0.303561032618584,1.4672336411241869,0.9077090994346066,0,0,0.0534252417407224
2022,2022-11-23,Spain,Costa Rica,7-0,0.6110986164478982,0.24319794806399592,0.14570343548810583,H,0.08623688862088782,0.27777777777777785,0.22916078967901532,0.49249693111934284,0.23161901918431368,0,0,0.0006935388463381444
2022,2022-11-23,Morocco,Croatia,0-0,0.23279631914435028,0.28629338341920196,0.48091029743644775,D,0.1427344201937854,0.11111111111111112,0.14398010337473346,1.2507381778010715,0.7948459749387812,0,1,0.11497630718022939
2022,2022-11-23,Belgium,Canada,1-0,0.5347297888944138,0.27123829274756356,0.19403191835802266,H,0.12706237734196554,0.27777777777777785,0.22916078967901532,0.6259937271627535,0.32769496613654414,1,1,0.15320179945182655
2022,2022-11-24,Switzerland,Cameroon,1-0,0.6293754567787703,0.2354250947552062,0.1351994484660236,H,0.07782072145173105,0.27777777777777785,0.22916078967901532,0.46302728974390095,0.21106641814396,1,1,0.15657504526858532
2022,2022-11-24,Brazil,Serbia,2-0,0.66236562051624,0.22042312084364513,0.11721125864011486,H,0.06386772668069175,0.27777777777777785,0.22916078967901532,0.41193757865257624,0.17632180556383573,0,1,0.14433512118545472
2022,2022-11-24,Uruguay,South Korea,0-0,0.4802248839351797,0.2864577586255531,0.2333173574392673,D,0.14252646421649978,0.11111111111111112,0.14398010337473346,1.2501641930499376,0.794195458658669,0,1,0.11504232077087732
2022,2022-11-24,Portugal,Ghana,3-2,0.7640007812577717,0.1668135866112749,0.06918563213095348,H,0.030241141470150865,0.27777777777777785,0.22916078967901532,0.269186467227433,0.08830905561841905,0,0,0.015568331351638832
2022,2022-11-25,England,United States,0-0,0.48635956004528147,0.2849611988149303,0.22867924113978835,D,0.14441990848785458,0.11111111111111112,0.14398010337473346,1.2554022524910078,0.8001203041758909,0,1,0.11444129772785505
2022,2022-11-25,Wales,Iran,0-2,0.3349132139640876,0.30297398208717063,0.3621128039487419,A,0.25953346788694553,0.2777777777777778,0.303561032618584,1.0157995025795783,0.610860169595648,0,0,0.07079533030892786
2022,2022-11-25,Qatar,Senegal,1-3,0.3747899382166639,0.2805236735986226,0.34468638818471375,A,0.28495171380942336,0.2777777777777778,0.303561032618584,1.0651202951142376,0.648596959068113,0,0,0.030337297362780066
2022,2022-11-25,Netherlands,Ecuador,1-1,0.5228757776034157,0.2749076552550722,0.20221656714151218,D,0.15714530941543717,0.11111111111111112,0.14398010337473346,1.291320036781164,0.8400495272385717,0,1,0.12507458576066968
2022,2022-11-26,Poland,Saudi Arabia,2-0,0.4160973325127836,0.29850357815410933,0.28539908933310715,H,0.21119748264542684,0.27777777777777785,0.22916078967901532,0.8768360737016448,0.5114993514616601,0,1,0.08445042992856834
2022,2022-11-26,Argentina,Mexico,2-0,0.6087346234197728,0.24417454865606103,0.14709082792416628,H,0.08736215328494183,0.27777777777777785,0.22916078967901532,0.4963728641737253,0.2343455167812748,0,1,0.13264979167233293
2022,2022-11-26,Tunisia,Australia,0-1,0.3722921298955191,0.3025684974950082,0.32513937260947295,A,0.2970191481920391,0.2777777777777778,0.303561032618584,1.1235013497790989,0.6855859920604648,0,1,0.11765483328574149
2022,2022-11-26,France,Denmark,2-1,0.42167153428213777,0.29773133250729067,0.2805971332105716,H,0.20659928271278388,0.27777777777777785,0.22916078967901532,0.8635286228031493,0.5018425117821347,0,0,0.08036232248507823
2022,2022-11-27,Croatia,Canada,4-1,0.441053980869763,0.29462533212007425,0.26432068701016287,H,0.19114303894153184,0.27777777777777785,0.22916078967901532,0.8185880054258756,0.4690901642099278,0,0,0.01080130849060297
2022,2022-11-27,Japan,Costa Rica,0-1,0.4546448013587806,0.2920703014210693,0.2532848972201502,A,0.3821426700610435,0.2777777777777778,0.303561032618584,1.3732403478336168,0.849590401094281,0,1,0.09798749164957367
2022,2022-11-27,Spain,Germany,1-1,0.5154295143855699,0.2771129569391359,0.2074575286752941,D,0.1543531052519025,0.11111111111111112,0.14398010337473346,1.2833300691333482,0.8312718875290844,0,1,0.1260779306633631
2022,2022-11-27,Belgium,Morocco,0-2,0.5899269564862488,0.251704680253545,0.1583683632602062,A,0.5281788129752164,0.2777777777777778,0.303561032618584,1.8428315464425211,1.119712872011972,0,0,0.024405025908365904
2022,2022-11-28,Portugal,Uruguay,2-0,0.4210120154375725,0.29782557112418784,0.2811624134382396,H,0.20713969449903868,0.27777777777777785,0.22916078967901532,0.8650939054752567,0.502979459813526,0,1,0.08570625996240831
2022,2022-11-28,South Korea,Ghana,2-3,0.6013970823647086,0.24716322276263678,0.15143969487265468,A,0.5408665210572987,0.2777777777777778,0.303561032618584,1.887567786922939,1.1428227008010103,0,0,0.007184515131047668
2022,2022-11-28,Brazil,Switzerland,1-0,0.6492490791403014,0.22653488753343431,0.12421603332626419,H,0.06922791570961909,0.27777777777777785,0.22916078967901532,0.43193884678406425,0.1897738866890239,1,1,0.15606037011246307
2022,2022-11-28,Cameroon,Serbia,3-3,0.14740165814577844,0.24439179462970761,0.608206547224514,D,0.19582122645544492,0.11111111111111112,0.14398010337473346,1.4089826257765015,0.9625862129338038,0,0,0.0038973628551460253
2022,2022-11-29,Iran,United States,0-1,0.34084633062591685,0.3031130719670229,0.35604059740706007,A,0.26542996664450386,0.2777777777777778,0.303561032618584,1.0327105169716253,0.6227374676862936,0,1,0.12501080532534053
2022,2022-11-29,Ecuador,Senegal,1-2,0.4723710040873802,0.2882898730860557,0.23933912282656408,A,0.40086966778239036,0.2777777777777778,0.303561032618584,1.429873808811461,0.8848503864887548,0,0,0.05498892792810769
2022,2022-11-29,Qatar,Netherlands,0-2,0.08477519754549492,0.1678241476595269,0.7474006547949781,A,0.03549663165844173,0.2777777777777778,0.303561032618584,0.2911538858340299,0.09915820785453021,1,1,0.13969518675516343
2022,2022-11-29,Wales,England,0-3,0.16143654549583464,0.2536323197140455,0.5849311347901198,A,0.09917196054412315,0.2777777777777778,0.303561032618584,0.5362611569871119,0.26267327469177415,0,0,0.0677811574842304
2022,2022-11-30,Australia,Denmark,1-0,0.21640775268834928,0.28062911530730883,0.5029631320043418,H,0.4334943611012702,0.27777777777777785,0.22916078967901532,1.5305909069197934,0.9457414225607031,0,0,0.08654140751236082
2022,2022-11-30,Tunisia,France,1-0,0.10819727420201491,0.21200764605727104,0.6797950797407142,H,0.6287167260901999,0.27777777777777785,0.22916078967901532,2.223799105105062,1.3023806941671452,0,0,0.04771029465396658
2022,2022-11-30,Poland,Argentina,0-2,0.13371072028987457,0.23426729635297847,0.6320219833571469,A,0.07664318872642245,0.2777777777777778,0.303561032618584,0.4588311016472678,0.20816754359337922,0,1,0.13790350412532687
2022,2022-11-30,Saudi Arabia,Mexico,1-2,0.23295489077771414,0.28634350866276553,0.48070160055952044,A,0.16196940439935031,0.2777777777777778,0.303561032618584,0.7325085744444941,0.4059314137520039,0,0,0.08547483680313163
2022,2022-12-01,Croatia,Belgium,0-0,0.34253652015962444,0.3031381835780902,0.3543252962622854,D,0.12143884160721055,0.11111111111111112,0.14398010337473346,1.1935665260197683,0.7284940744012647,0,1,0.12174123095991049
2022,2022-12-01,Canada,Morocco,1-2,0.25565840437704634,0.29265157769547984,0.451690017927474,A,0.18300252808449563,0.2777777777777778,0.303561032618584,0.7947591354644257,0.45165000209664463,0,0,0.08316662107415129
2022,2022-12-01,Japan,Spain,2-1,0.156158990315602,0.25028524914380196,0.593555760540596,H,0.532188045248055,0.27777777777777785,0.22916078967901532,1.8568806220426504,1.1270187964350846,0,0,0.03892765672147794
2022,2022-12-01,Costa Rica,Germany,2-4,0.23855273568916696,0.2880576150755758,0.4733896492352573,A,0.1671129346186755,0.2777777777777778,0.303561032618584,0.7478364468745871,0.4172030588403795,0,0,0.005334761446086716
2022,2022-12-02,Serbia,Switzerland,2-3,0.2988701242507247,0.3003355908215842,0.40079428492769115,A,0.22418542007248035,0.2777777777777778,0.303561032618584,0.9143069884755921,0.5385723072591106,0,0,0.014805970112353723
2022,2022-12-02,Cameroon,Brazil,1-0,0.025270689218540365,0.08820430264355934,0.8865250081379004,H,0.8680119096752017,0.27777777777777785,0.22916078967901532,3.678110083773502,1.7438038183552402,0,0,0.012208235513712069
2022,2022-12-02,Ghana,Uruguay,0-2,0.14077502014353135,0.23963574234299456,0.6195892375134742,A,0.08226497725599585,0.2777777777777778,0.303561032618584,0.4786985406460074,0.22195524352026968,0,1,0.13512857342952364
2022,2022-12-02,South Korea,Portugal,2-1,0.1353937313756537,0.23557513283565185,0.6290311357886944,H,0.571612084768065,0.27777777777777785,0.22916078967901532,1.9995682166535953,1.1987198127466652,0,0,0.03447691767596402
2022,2022-12-03,Netherlands,United States,3-1,0.5384397454086012,0.27005045780331216,0.19150979678808655,H,0.12485693544214557,0.27777777777777785,0.22916078967901532,0.6190796820378677,0.3226411206440696,0,0,0.043814447629704066
2022,2022-12-03,Argentina,Australia,2-1,0.6779164719823764,0.21293064418141694,0.10915288383620664,H,0.057826075535019894,0.27777777777777785,0.22916078967901532,0.38873119629730885,0.16099161030155296,0,1,0.08904030735553087
2022,2022-12-04,France,Poland,3-1,0.5210488975139711,0.2754558927364002,0.20349520974962854,H,0.13540222948181396,0.27777777777777785,0.22916078967901532,0.6519113884389031,0.34668040780683507,0,0,0.04215787750268195
2022,2022-12-04,England,Senegal,3-0,0.5113701542530255,0.2782822814858454,0.21034756426112922,H,0.14150261197265102,0.27777777777777785,0.22916078967901532,0.6706615786943122,0.3604462521342693,0,0,0.05130338925615049
2022,2022-12-05,Brazil,South Korea,4-1,0.6844024891683937,0.20972775675265262,0.10586975407895373,H,0.05540509683592197,0.27777777777777785,0.22916078967901532,0.3792090999625393,0.1547959256243438,0,0,0.026795493255250075
2022,2022-12-05,Japan,Croatia,1-1,0.2849838031127015,0.29843931283983227,0.41657688404746607,D,0.12737603417963755,0.11111111111111112,0.14398010337473346,1.2091886738884026,0.7469394661279217,0,1,0.13578077115934453
2022,2022-12-06,Morocco,Spain,0-0,0.24086829618102173,0.2887355645368039,0.4703961392821743,D,0.13964503197836162,0.11111111111111112,0.14398010337473346,1.2422440113419564,0.7851871611115021,0,1,0.1159570946612869
2022,2022-12-06,Portugal,Switzerland,6-1,0.41163933332231994,0.29908125975555244,0.2892794069221276,H,0.214925424681311,0.27777777777777785,0.22916078967901532,0.8876077175804202,0.5193004492995902,0,0,0.0004470330878739784
2022,2022-12-09,Croatia,Brazil,1-1,0.16003923874005022,0.25276065734698433,0.5872001039129655,D,0.18520825998594614,0.11111111111111112,0.14398010337473346,1.3753122564037952,0.9287831551804033,0,1,0.11499837821880862
2022,2022-12-09,Netherlands,Argentina,2-2,0.2916790434496617,0.2994180787116056,0.4089028778387325,D,0.1261391139462536,0.11111111111111112,0.14398010337473346,1.2059144256813021,0.7430932563286451,0,0,0.03781483685209035
2022,2022-12-10,Morocco,Portugal,1-0,0.22139801271265502,0.28245733227976233,0.49614465500758276,H,0.4261902866501981,0.27777777777777785,0.22916078967901532,1.5077932347521532,0.9321627178589964,0,1,0.08814324649138264
2022,2022-12-10,England,France,1-2,0.34239981905277783,0.3031363897431651,0.354463791204057,A,0.26697731647700707,0.2777777777777778,0.303561032618584,1.037149078694752,0.6258463037405344,0,1,0.07262712792452085
2022,2022-12-13,Argentina,Croatia,3-0,0.5291439420034232,0.2729914271440679,0.197864630852509,H,0.13042791974723766,0.27777777777777785,0.22916078967901532,0.63649478205103,0.3353801587886303,0,0,0.05503844067117183
2022,2022-12-14,France,Morocco,2-0,0.44803720729314955,0.29335048246438544,0.2586123102424651,H,0.18577162577084527,0.27777777777777785,0.22916078967901532,0.8028789980221404,0.4575977571037783,0,1,0.09263165658775627
2022,2022-12-17,Croatia,Morocco,2-1,0.36251126143619794,0.30296214190028026,0.3345265966635218,H,0.2591499678354731,0.27777777777777785,0.22916078967901532,1.0146997391390558,0.6100859950957518,0,1,0.0736561098167198
2022,2022-12-18,Argentina,France,3-3,0.43181023712514643,0.29618703348585546,0.27200272938899805,D,0.13022278284056987,0.11111111111111112,0.14398010337473346,1.2167641543191519,0.7557982575145801,0,0,0.00472335147025982
